No,Keyword,Search Intent,Search Volume,CPC,Paid Difficulty,SEO Difficulty
1,"camping","commercial","1,2mln","€0,82","7","63"
2,"camping frankrijk","informational","27.100","€1,10","57","64"
3,"camping de paal","commercial","27.100","€0,03","19","31"
4,"camping de kleine wolf","commercial","27.100","€0,15","8","16"
5,"camping bakkum","commercial, informational","22.200","€0,05","12","38"
6,"camping de leistert","commercial","22.200","€0,26","10","36"
7,"camping italie","commercial","14.800","€1,06","69","58"
8,"camping de lakens","commercial","14.800","€0,03","13","21"
9,"camping kroatie","commercial","12.100","€1,40","69","57"
10,"camping geversduin","commercial","12.100","€0,03","11","25"
11,"camping gardameer","commercial","12.100","€1,46","75","40"
12,"camping nederland","informational, commercial","12.100","€0,83","68","62"
13,"camping texel","commercial, informational","12.100","€0,33","38","45"
14,"camping terspegelt",null,"12.100","€0,47","21","28"
15,"camping zeeland","informational","12.100","€1,08","60","44"
16,"camping buitenland","commercial, informational","9.900","€1,28","2","22"
17,"camping spanje","commercial","9.900","€1,40","68","55"
18,"camping luxemburg","informational, commercial","9.900","€0,54","41","42"
19,"camping oostenrijk","commercial","9.900","€0,58","57","50"
20,"camping samoza","informational","9.900","€0,87","3","32"
21,"camping sanguli","commercial","9.900","€1,03","45","34"
22,"campingbedje","transactional","8.100","€0,50","100","37"
23,"campingaz","navigational, transactional","8.100","€0,25","100","15"
24,"camping amfora","commercial","8.100","€1,18","12","30"
25,"camping castell montgri","commercial","8.100","€4,06","64","32"
26,"camping comomeer","commercial","8.100","€0,94","43","25"
27,"camping duitsland","informational","8.100","€0,46","37","38"
28,"camping lago maggiore","informational, commercial","8.100","€0,75","56","36"
29,"camping limburg","informational, commercial","8.100","€0,65","52","55"
30,"camping ommerland","commercial","8.100","€0,04","11","13"
31,"camping wedderbergen","commercial","8.100","€0,32","28","20"
32,"camping zuid frankrijk","commercial, informational","8.100","€0,97","64","38"
33,"camping ardennen","commercial","6.600","€0,66","56","44"
34,"camping bella italia","commercial","6.600","€2,90","90","40"
35,"camping costa brava","commercial","6.600","€1,40","67","38"
36,"camping de kleine wereld","commercial","6.600","€0,71","4","14"
37,"camping isolino","commercial","6.600","€1,42","26","22"
38,"camping in de buurt","informational","6.600","€0,49","12","52"
39,"camping las dunas","commercial","6.600","€1,69","12","32"
40,"camping ommen","informational, commercial","6.600","€1,06","56","41"
41,"camping slovenie","commercial","6.600","€0,69","60","35"
42,"camping toscane","commercial","6.600","€1,19","68","33"
43,"camping union lido","commercial","6.600","€3,14","67","27"
44,"camping warnsborn","commercial","6.600","€0,78","7","21"
45,"camping amsterdam","commercial, informational","5.400","€0,67","34","43"
46,"camping gasstel","transactional, commercial","5.400","€0,22","100","15"
47,"camping friesland","commercial, informational","5.400","€0,77","47","33"
48,"camping geuldal","commercial","5.400","€0,11","43","15"
49,"camping it wiid","commercial","5.400","€0,05","18","24"
50,"camping koelkast","commercial, transactional","5.400","€0,36","100","15"
51,"camping marveld","commercial","5.400","€0,20","22","34"
52,"camping meer van annecy","informational","5.400","€0,76","55","34"
53,"camping noord holland","commercial, informational","5.400","€0,61","48","39"
54,"camping normandie","commercial","5.400","€0,80","56","34"
55,"camping norgerberg","commercial","5.400","€0,08","14","16"
56,"camping parijs","commercial","5.400","€0,86","55","31"
57,"camping renesse","commercial, informational","5.400","€1,23","50","39"
58,"camping scheldeoord","commercial","5.400","€0,14","35","24"
59,"camping te koop","navigational, commercial","5.400","€0,92","22","22"
60,"campingtafel","transactional","5.400","€0,33","100","15"
61,"camping terschelling","commercial, informational","5.400","€0,50","32","46"
62,"camping veluwe","informational","5.400","€0,73","57","34"
63,"camping zwarte woud","commercial, informational","5.400","€0,31","32","16"
64,"camping zuid limburg","commercial","5.400","€0,49","52","53"
65,"camping ardeche","commercial","4.400","€1,04","60","36"
66,"camping annecy","commercial","4.400","€0,94","49","35"
67,"camping bled","commercial","4.400","€0,83","18","34"
68,"camping bloemendaal","informational, commercial","4.400","€0,72","22","14"
69,"camping cala gogo","commercial","4.400","€2,26","47","33"
70,"camping de lievelinge","informational","4.400","€2,20","2","16"
71,"camping de bongerd","commercial","4.400","€1,04","28","26"
72,"camping international","commercial","4.400","€0,93","5","52"
73,"camping le capanne","commercial","4.400","€2,00","65","34"
74,"camping rozenhof","commercial","4.400","€0,61","2","31"
75,"camping valkenburg","commercial","4.400","€0,60","56","34"
76,"camping vreehorst","commercial","4.400","€0,14","14","24"
77,"camping winterswijk","commercial, informational","4.400","€0,67","56","37"
78,"camping zeeburg","commercial","3.600","€0,87","18","32"
79,"camping kooktoestel","commercial, transactional","3.600","€0,24","100","16"
80,"camping alkmaar","commercial","3.600","€0,83","9","38"
81,"camping blauwe meer","commercial","3.600","€0,26","7","14"
82,"camping bed",null,"3.600","€0,26","100","50"
83,"camping cypsela","commercial","3.600","€1,76","19","33"
84,"camping corsica","commercial","3.600","€1,12","47","35"
85,"camping de kolibrie","commercial","3.600","€0,09","4","16"
86,"camping de liede","commercial","3.600","€2,32","8","14"
87,"camping dolomieten","informational, commercial","3.600","€0,66","53","28"
88,"camping el delfin verde","commercial","3.600","€1,06","44","14"
89,"camping frankrijk aan zee","commercial, informational","3.600","€1,08","68","27"
90,"camping fuussekaul","commercial","3.600","€0,80","11","25"
91,"camping iseomeer","commercial","3.600","€0,93","32","33"
92,"camping les arches","commercial","3.600","€0,78","6","33"
93,"camping lido","commercial","3.600","€2,54","24","28"
94,"camping le ranc davaine","commercial","3.600","€2,66","65","21"
95,"camping martbusch","commercial","3.600","€0,56","3","16"
96,"camping maastricht","informational, commercial","3.600","€0,61","60","34"
97,"camping noord italie","commercial","3.600","€0,73","68","36"
98,"camping nommerlayen","commercial","3.600","€0,39","27","25"
99,"camping noord frankrijk","commercial","3.600","€0,56","61","32"
100,"camping polari","commercial","3.600","€2,89","67","35"
101,"camping roland","commercial","3.600","€0,90","9","21"
102,"camping seiser alm","commercial","3.600","€0,32","25","28"
103,"camping utrecht","commercial, informational","3.600","€0,58","37","41"
104,"camping valkanela","commercial","3.600","€3,30","88","30"
105,"camping valle gaia","commercial","3.600","€2,56","45","33"
106,"camping voorthuizen","informational, commercial","3.600","€0,96","55","34"
107,"camping zwitserland","commercial, informational","3.600","€0,70","37","31"
108,"camping atlantic club montalivet","commercial","2.900","€3,30","66","15"
109,"camping barco reale","commercial","2.900","€1,47","57","32"
110,"camping cisano san vito","commercial","2.900","€4,07","89","35"
111,"camping cote d'azur","commercial","2.900","€1,18","61","37"
112,"camping de nollen","commercial","2.900","€0,18","25","15"
113,"camping de twee bruggen","commercial","2.900","€0,72","59","33"
114,"camping gas",null,"2.900","€0,32","100","49"
115,"camping grubhof","commercial","2.900","€0,99","1","15"
116,"camping italie gardameer","commercial, informational","2.900","€1,38","73","41"
117,"camping krounebierg","commercial","2.900","€0,21","1","17"
118,"camping kautenbach","commercial","2.900","€0,06","42","23"
119,"camping l ideal","commercial","2.900","€2,36","64","37"
120,"camping le pommier","commercial","2.900","€2,04","57","34"
121,"camping la sirene","commercial","2.900","€2,82","43","34"
122,"camping la masia","commercial","2.900","€3,84","83","34"
123,"camping oostenrijk met zwembad","commercial, informational","2.900","€0,52","57","14"
124,"camping osebos","commercial","2.900","€0,41","5","23"
125,"camping ootmarsum","commercial, informational","2.900","€0,65","47","33"
126,"camping pra delle torri","commercial","2.900","€1,77","70","35"
127,"camping park umag","commercial","2.900","€3,47","56","36"
128,"camping spanje aan zee","commercial","2.900","€1,18","72","20"
129,"camping servies",null,"2.900","€0,22","100","49"
130,"camping sardinie","commercial, informational","2.900","€0,72","65","30"
131,"camping terme catez","commercial","2.900","€3,51","56","15"
132,"camping village lago maggiore","commercial","2.900","€2,34","67","22"
133,"camping wasmachine","commercial, transactional","2.900","€0,24","100","14"
134,"camping zandvoort","commercial, informational","2.900","€0,71","44","31"
135,"camping italie aan zee",null,"2.900","€0,59","66","25"
136,"camping 5 sterren","commercial","2.400","€0,80","16","28"
137,"camping ackersate","commercial","2.400","€0,21","57","33"
138,"camping begur","commercial","2.400","€1,03","39","14"
139,"camping callantsoog","commercial","2.400","€0,65","44","34"
140,"camping del sole","commercial","2.400","€2,31","60","34"
141,"camping enmar","commercial","2.400","€2,79","56","23"
142,"camping ermelo","informational, commercial","2.400","€0,98","44","39"
143,"camping gavina","commercial","2.400","€1,95","57","20"
144,"camping ginsterveld","commercial","2.400","€0,23","48","22"
145,"camping janse","commercial","2.400","€0,16","1","15"
146,"camping mario village","commercial","2.400","€1,13","4","16"
147,"camping menina","commercial","2.400","€0,88","6","27"
148,"camping noordwijk","informational, commercial","2.400","€0,77","33","30"
149,"camping nijmegen","commercial","2.400","€0,58","24","30"
150,"camping olympia","commercial, informational","2.400","€0,48","7","33"
151,"camping otterlo","informational, commercial","2.400","€0,68","38","35"
152,"camping piantelle","commercial","2.400","€3,23","56","33"
153,"camping spiaggia d'oro","commercial","2.400","€0,54","42","17"
154,"camping schoorl","commercial, informational","2.400","€0,46","38","31"
155,"camping treumal","commercial","2.400","€0,60","17","15"
156,"camping toscane aan zee","commercial","2.400","€0,96","72","32"
157,"camping vogelenzang","commercial","2.400","€0,43","18","14"
158,"camping village de la guyonnière","commercial","2.400","€1,55","46","33"
159,"camping waterkoker","commercial","2.400","€0,30","100","14"
160,"camping zoutelande","commercial","2.400","€0,51","51","38"
161,"camping zweden",null,"2.400","€0,34","44","32"
162,"camping den haag","commercial","1.900","€0,70","28","33"
163,"camping vliegenbos","commercial","1.900","€0,55","22","36"
164,"camping 5 sterren nederland",null,"1.900","€0,59","45","19"
165,"camping bella terra","commercial","1.900","€2,02","61","35"
166,"camping eden","commercial","1.900","€2,94","37","31"
167,"camping frejus","commercial, informational","1.900","€1,40","64","32"
168,"camping gasfles","commercial","1.900","€0,20","100","19"
169,"camping hu norcenni girasole village","commercial","1.900","€4,27","90","29"
170,"camping hengelhoef","commercial","1.900","€0,57","11","23"
171,"camping internacional de calonge","commercial","1.900","€4,07","62","24"
172,"camping julianahoeve","commercial","1.900","€0,20","9","25"
173,"camping kogerstrand","commercial","1.900","€0,06","25","26"
174,"camping kroatie aan zee","commercial","1.900","€1,31","65","24"
175,"camping kirchzarten","commercial","1.900","€0,58","20","16"
176,"camping kinzigtal","commercial","1.900","€1,37","43","14"
177,"camping loodsmansduin","commercial","1.900","€0,19","32","33"
178,"camping munstertal","commercial","1.900","€0,14","1","30"
179,"camping noord spanje","commercial","1.900","€0,92","55","30"
180,"camping orchidea","commercial","1.900","€1,65","19","31"
181,"camping ouddorp","commercial","1.900","€0,59","25","30"
182,"camping oosterberg","commercial","1.900","€0,42","4","23"
183,"camping playa montroig","commercial","1.900","€2,79","68","34"
184,"camping porte des vosges","commercial","1.900","€0,62","12","35"
185,"camping rubicone","commercial","1.900","€2,13","40","20"
186,"camping spanje costa brava","commercial","1.900","€1,48","80","39"
187,"camping utrechtse heuvelrug","informational, commercial","1.900","€0,96","63","34"
188,"camping vinkenhof","commercial","1.900","€0,08","38","25"
189,"camping westhove","commercial, informational","1.900","€0,06","31","14"
190,"camping yuca","commercial","1.900","€0,15","5","16"
191,"camping zonnehoek","commercial","1.900","€0,25","5","27"
192,"camping zuid frankrijk aan zee","commercial","1.900","€1,01","68","14"
193,"camping zoeken","navigational","1.900","€0,83","64","66"
194,"camping zuid duitsland","informational, commercial","1.900","€0,22","42","33"
195,"camping 2000","commercial","1.600","€0,73","40","33"
196,"camping 5 sterren frankrijk",null,"1.600","€0,68","60","24"
197,"camping albatros italie","commercial","1.600","€2,64","78","34"
198,"camping aloha","commercial","1.600","€1,26","5","15"
199,"camping blanes","commercial","1.600","€1,31","56","32"
200,"camping continental village","commercial","1.600","€1,12","5","16"
201,"camping castricum","commercial, informational","1.600","€0,37","38","42"
202,"camping calella de palafrugell","commercial","1.600","€2,02","51","14"
203,"camping costa brava aan zee","commercial","1.600","€1,32","76","37"
204,"camping car park","commercial","1.600","€1,04","1","35"
205,"camping estartit","informational, commercial","1.600","€1,27","44","30"
206,"camping europa silvella","commercial","1.600","€1,21","56","32"
207,"camping eden gardameer","commercial","1.600","€3,39","70","33"
208,"camping fornella","commercial","1.600","€1,89","11","22"
209,"camping frankrijk aan meer","commercial, informational","1.600","€0,79","63","14"
210,"camping hartje groen","commercial","1.600","€0,81","2","32"
211,"camping huttopia","commercial","1.600","€0,66","3","35"
212,"camping italie toscane","commercial","1.600","€1,71","71","48"
213,"camping international porlezza","commercial","1.600","€0,33","16","17"
214,"camping in der enz","commercial","1.600","€0,03","1","15"
215,"camping jungfrau","commercial","1.600","€0,96","47","25"
216,"camping jena","commercial","1.600","€0,20","1","15"
217,"camping kooktoestel action","commercial, transactional","1.600","€0,20","100","20"
218,"camping les sablons","commercial","1.600","€1,69","39","23"
219,"camping nautic almata","commercial","1.600","€1,47","43","32"
220,"camping noetselerberg","commercial","1.600","€0,18","46","34"
221,"camping oven","transactional","1.600","€0,20","100","20"
222,"camping oostenrijk aan meer","informational, commercial","1.600","€0,45","62","14"
223,"camping playa brava","commercial","1.600","€3,35","69","32"
224,"camping piani di clodia","commercial","1.600","€1,13","31","34"
225,"camping pannenset","commercial","1.600","€0,37","100","15"
226,"camping platja d'aro","commercial","1.600","€1,30","69","15"
227,"camping rioclar","commercial","1.600","€0,35","2","15"
228,"camping riembau","commercial","1.600","€1,16","16","33"
229,"camping rotterdam","commercial, informational","1.600","€0,84","18","32"
230,"camping rabbit hill","commercial","1.600","€0,60","23","13"
231,"camping sandaya","commercial","1.600","€0,35","3","14"
232,"camping schwarzwaldhorn","commercial","1.600","€0,10","11","14"
233,"camping tahiti","commercial","1.600","€3,08","60","34"
234,"camping tempelhof","informational, commercial","1.600","€0,19","15","15"
235,"camping umag","commercial","1.600","€2,03","60","36"
236,"camping uit en thuis","commercial, transactional","1.600","€0,00","2","23"
237,"camping zonneweelde","commercial, informational","1.600","€0,09","52","30"
238,"camping gasbrander",null,"1.600","€0,23","100","49"
239,"camping gasstel action","transactional, commercial","1.300","€0,21","100","17"
240,"camping amsterdamse bos","commercial, informational","1.300","€0,43","64","15"
241,"camping aufenfeld","commercial","1.300","€0,11","13","15"
242,"camping am waldbad","commercial","1.300","€0,94","1","33"
243,"camping cala pola","commercial","1.300","€0,72","63","13"
244,"camping de paalberg","commercial","1.300","€1,25","15","34"
245,"camping egmond aan zee","commercial, informational","1.300","€0,59","33","23"
246,"camping europa annecy","commercial","1.300","€1,41","6","24"
247,"camping elba","commercial","1.300","€0,94","47","15"
248,"camping fossalta","commercial","1.300","€0,28","33","24"
249,"camping gasstel gamma","transactional","1.300","€0,18","100","25"
250,"camping hu altomincio village","commercial","1.300","€3,47","76","34"
251,"camping hell","commercial","1.300","€0,14","20","35"
252,"camping ibiza","commercial","1.300","€0,62","48","18"
253,"camping kings","commercial","1.300","€1,08","46","19"
254,"camping kopen","commercial","1.300","€0,82","25","26"
255,"camping le vieux port","commercial","1.300","€3,70","55","33"
256,"camping marina di venezia","commercial","1.300","€3,03","63","31"
257,"camping montroig","commercial","1.300","€2,64","74","34"
258,"camping orlando in chianti","commercial","1.300","€2,18","70","34"
259,"camping playa bara","commercial","1.300","€2,65","62","15"
260,"camping rovinj","commercial","1.300","€1,50","57","34"
261,"camping sylvamar","commercial","1.300","€2,03","54","14"
262,"camping toilet","commercial, transactional","1.300","€0,31","100","21"
263,"camping vestar","commercial","1.300","€2,38","86","33"
264,"camping verte vallée","commercial","1.300","€0,80","8","13"
265,"camping vilanova park","commercial","1.300","€1,95","62","34"
266,"camping waddenzee","commercial","1.300","€1,42","2","14"
267,"camping weekend","commercial, informational","1.300","€1,86","83","50"
268,"camping norcenni girasole",null,"1.300","€1,57","83","38"
269,"camping amfora spanje","commercial","1.000","€1,28","28","32"
270,"camping franse alpen","commercial, informational","1.000","€0,53","56","29"
271,"camping florence","commercial","1.000","€1,50","72","21"
272,"camping hopfensee","commercial","1.000","€0,51","1","25"
273,"camping interpals","commercial","1.000","€1,93","69","15"
274,"camping julianadorp","commercial","1.000","€1,11","31","39"
275,"camping mas nou","commercial","1.000","€1,05","11","33"
276,"camping mediterraneo","commercial","1.000","€2,87","68","30"
277,"camping portugal","commercial, informational","1.000","€0,52","59","52"
278,"camping rodas","commercial","1.000","€0,45","37","16"
279,"camping rome","commercial","1.000","€1,35","69","33"
280,"camping ranocchio","commercial","1.000","€2,43","2","34"
281,"camping te koop nederland","navigational, commercial","1.000","€0,77","31","24"
282,"camping um bierg","commercial","1.000","€0,03","2","17"
283,"camping vidor","commercial","1.000","€0,13","48","16"
284,"camping wc","commercial","1.000","€0,35","100","17"
285,"camping winterberg","commercial","1.000","€0,62","21","24"
286,"camping waterhout","commercial","1.000","€4,95","1","28"
287,"camping zaton holiday resort","commercial","1.000","€2,65","89","34"
288,"camping enkhuizen","commercial, informational","880","€0,49","18","14"
289,"camping fleiola","commercial","880","€0,92","2","23"
290,"camping hu park albatros village","commercial","880","€3,38","65","33"
291,"camping jura frankrijk","commercial","880","€0,63","67","35"
292,"camping kolibrie","commercial","880","€0,00","1","16"
293,"camping mas sant josep","commercial","880","€1,11","35","31"
294,"camping natterer see","commercial","880","€0,14","23","28"
295,"camping pernis","informational","880","€0,00","1","25"
296,"camping union lido mare","commercial","880","€3,91","68","32"
297,"camping 5 sterren italie","commercial","720","€1,21","76","13"
298,"camping alannia costa blanca","commercial","720","€1,49","69","24"
299,"camping fabulous village","commercial","720","€3,27","95","34"
300,"camping gaz",null,"720","€0,17","100","49"
301,"camping hoorn","commercial, informational","720","€0,78","23","27"
302,"camping jutberg","commercial","720","€0,26","22","16"
303,"camping olympia dolomieten","commercial","720","€0,85","31","27"
304,"camping rcn val de cantobre","commercial","720","€0,20","43","23"
305,"camping tamarit beach resort","commercial","720","€1,67","59","20"
306,"camping 2 bruggen","commercial","590","€0,81","61","31"
307,"camping 44",null,"590","€0,00","1","19"
308,"camping esterel","commercial","590","€3,48","54","29"
309,"camping emporda","commercial","590","€2,08","16","16"
310,"camping frankrijk nederlandse eigenaar","informational","590","€0,49","44","25"
311,"camping gaspit","transactional","590","€0,25","100","16"
312,"camping gaasperplas","commercial","590","€0,19","3","17"
313,"camping het bos roept","informational","590","€0,37","6","23"
314,"camping hele jaar open nederland","commercial, informational","590","€0,45","55","31"
315,"camping in de rimboe","commercial","590","€0,17","27","23"
316,"camping molveno","commercial","590","€0,86","35","15"
317,"camping rosselba le palme","commercial","590","€2,55","62","33"
318,"camping roses spanje","informational, commercial","590","€0,88","74","21"
319,"camping umag kroatië","commercial","590","€3,04","82","34"
320,"camping yelloh village parc du val de loire",null,"590","€0,81","22","12"
321,"camping 3 estrelles",null,"480","€1,42","16","18"
322,"camping 4 sterren frankrijk","commercial","480","€0,87","34","14"
323,"camping 5 sterren zuid frankrijk",null,"480","€0,73","62","24"
324,"camping 5 sterren spanje",null,"480","€0,74","71","27"
325,"camping brander","commercial","480","€0,21","100","49"
326,"camping el pinar","commercial","480","€2,04","44","25"
327,"camping el delfin verde platja d'aro","commercial","480","€2,46","67","14"
328,"camping fornuis","commercial","480","€0,20","100","15"
329,"camping heemskerk","commercial, informational","480","€0,34","26","32"
330,"camping joan","informational, commercial","480","€0,21","37","25"
331,"camping javea","commercial","480","€0,51","28","15"
332,"camping juritz","commercial","480","€0,18","1","25"
333,"camping joncar mar roses","commercial","480","€0,66","24","21"
334,"camping jezevac","commercial","480","€0,69","43","14"
335,"camping urk","commercial","480","€0,27","11","24"
336,"camping woud texel","informational, commercial","480","€0,61","6","14"
337,"camping yelloh village le sérignan plage","commercial","480","€0,51","5","26"
338,"camping yelloh village portland","commercial, informational","480","€0,33","5","33"
339,"camping yelloh village les tournels","commercial","480","€0,49","4","34"
340,"camping yelloh village la plaine",null,"480","€0,19","3","6"
341,"camping burghorn","commercial","390","€0,34","4","15"
342,"camping het witte hek","commercial","390","€0,32","3","12"
343,"camping kacheltje","transactional","390","€0,20","100","49"
344,"camping nouvelle floride","commercial","390","€2,64","50","32"
345,"camping ulika","commercial","390","€1,25","25","22"
346,"camping uden","commercial, informational","390","€0,34","20","27"
347,"camping yelloh village sylvamar","commercial","390","€0,42","30","22"
348,"camping 3 lacs du soleil","commercial","320","€1,38","19","24"
349,"camping 73","commercial, informational","320","€0,38","3","18"
350,"camping 7huizen aan zee","commercial","320","€0,42","5","15"
351,"camping quadenoord","informational","320","€0,87","4","14"
352,"camping quiberon","informational","320","€1,06","51","14"
353,"camping umbrie","commercial","320","€0,87","41","30"
354,"camping 3 estrellas","commercial","260","€1,14","81","16"
355,"camping hensbroek","commercial, informational","260","€0,68","15","15"
356,"camping huizen","commercial","260","€0,59","25","13"
357,"camping jungfrau lauterbrunnen","commercial","260","€0,83","76","25"
358,"camping jura met zwembad","commercial","260","€1,24","53","21"
359,"camping powned","informational, navigational","260","€0,00","1","26"
360,"camping yport","commercial","260","€0,77","20","30"
361,"camping 3 vallees","commercial","210","€0,77","25","15"
362,"camping quai","commercial","210","€0,00","1","15"
363,"camping uitgeest","commercial, informational","210","€0,47","18","23"
364,"camping uitdam","commercial","210","€0,38","7","14"
365,"camping wieringerwerf","commercial","210","€0,00","3","14"
366,"camping ykema","informational","210","€0,00","6","13"
367,"camping yelloh village la plage du dramont","commercial","210","€0,45","6","23"
368,"camping yelloh village sylvamar labenne océan","commercial","210","€0,03","3","21"
369,"camping 5 sterren kroatie",null,"210","€0,95","68","26"
370,"camping 4 sterren nederland",null,"210","€0,49","64","25"
371,"camping 3 provincien","commercial","170","€0,43","18","19"
372,"camping yelloh village les cascades","commercial","170","€0,72","3","26"
373,"camping 3 sablieres","commercial","140","€0,74","19","18"
374,"camping 4 etoiles","commercial","140","€0,18","10","23"
375,"camping 52 camping de la croisée","commercial","140","€0,00","1","17"
376,"camping 5 terre","commercial","140","€1,23","1","17"
377,"camping 6 ampere","commercial","140","€0,00","1","14"
378,"camping junora","commercial","140","€0,06","2","14"
379,"camping quendorfer see","commercial","140","€0,00","3","14"
380,"camping winkel zaandam","informational","140","€0,18","42","22"
381,"camping xanten","commercial, informational","140","€0,00","1","16"
382,"camping 66.12 north","commercial","110","€0,00","1","16"
383,"camping franse kamp","commercial","110","€0,00","1","31"
384,"camping quinta valbom","commercial","110","€0,00","6","14"
385,"camping quinta da cerejeira","commercial","110","€0,00","17","15"
386,"camping winkel amsterdam","informational","110","€0,31","98","51"
387,"camping xonrupt longemer","commercial","110","€0,78","8","23"
388,"camping 16 jaar zonder ouders","commercial, transactional","90","€0,74","13","9"
389,"camping 2000 zoover","commercial, navigational","90","€0,46","9","16"
390,"camping 2 laghi","commercial","90","€3,24","45","15"
391,"camping 2025","commercial","90","€0,93","34","53"
392,"camping 3 lacs","commercial","90","€1,06","25","16"
393,"camping 3 estrellas costa brava","commercial","90","€1,66","100","15"
394,"camping 4 mori family village","commercial","90","€2,54","50","15"
395,"camping quercy vacances","commercial","90","€0,66","14","14"
396,"camping te koop noord brabant","navigational","90","€0,84","12","23"
397,"camping 50plus campingpark fisching",null,"70","€0,00","3","6"
398,"camping 73 te koop",null,"70","€0,00","1","5"
399,"camping 7 linden",null,"70","€0,00","2","14"
400,"camping quercia",null,"70","€0,89","44","32"
401,"camping qualité",null,"70","€1,53","32","28"
402,"camping 4 sterren italie",null,"50","€0,80","69","26"
403,"camping 4 seasons",null,"50","€0,00","7","16"
404,"camping 50 plus",null,"50","€0,20","33","23"
405,"camping 7 heuveltjes",null,"50","€0,00","30","23"
406,"camping 99 beskid",null,"50","€0,00","1","13"
407,"camping qui vivra verra",null,"50","€0,00","3","6"
408,"camping queenstown",null,"50","€0,43","31","28"
409,"camping quinta das cegonhas",null,"50","€0,92","35","16"
410,"camping 013",null,"40","€0,00","9","21"
411,"camping 1000 km vanaf utrecht",null,"40","€0,66","90","33"
412,"camping 12 cols",null,"40","€0,00","7","16"
413,"camping 3 landenpunt",null,"40","€0,57","60","32"
414,"camping 600 km vanaf utrecht",null,"40","€0,39","30","15"
415,"camping quinta chave grande",null,"40","€0,00","1","5"
416,"camping 3 estrellas barcelona",null,"30","€0,37","74","28"
417,"camping 44 zoover",null,"30","€0,00","1","13"
418,"camping 8 personen nederland",null,"30","€0,00","86","31"
419,"camping 02","commercial","20","€0,55","52","34"
420,"camping 1 pits gasstel",null,"20","€0,00","100","36"
421,"camping 17","commercial","20","€0,00","1","18"
422,"camping 1978","commercial","20","€0,00","1","18"
423,"camping 10 personen nederland","commercial","20","€1,06","88","1"
424,"camping 3 linden wijchen","commercial","20","€0,00","1","5"
425,"camping 35","commercial","20","€0,00","2","19"
426,"camping 49","commercial","20","€0,00","8","21"
427,"camping 50 plus oostenrijk","commercial, informational","20","€0,16","12","9"
428,"camping 69 orlinek","commercial","20","€0,00","1","13"
429,"camping 66","commercial","20","€0,00","1","1"
430,"camping 66 polen","commercial","20","€0,00","7","16"
431,"camping 700 km vanaf utrecht","commercial, informational","20","€0,51","38","17"
432,"camping 8 personen","commercial","20","€1,33","80","38"
433,"camping 900 km vanaf utrecht","commercial","20","€0,39","60","24"
434,"camping quinta de cavia",null,"20","€0,00","11","9"
435,"camping xixerella","commercial","20","€0,71","23","25"
436,"camping quinta do retiro",null,"20","€0,00","5","7"
437,"camping ursemmerplas",null,"20","€0,00","3","19"
438,"camping 04",null,"10","€0,00","1","18"
439,"camping 09",null,"10","€0,00","1","18"
440,"camping 2026",null,"10","€0,62","87","45"
441,"camping 2026 frankrijk",null,"10","€1,11","86","39"
442,"camping 44 marche",null,"10","€0,00","2","14"
443,"camping 4 mori sardinie",null,"10","€1,88","57","23"
444,"camping 5 étoiles les sablons",null,"10","€0,00","36","16"
445,"camping 65",null,"10","€0,00","1","18"
446,"camping 71",null,"10","€0,00","2","19"
447,"camping 7 linden baarn",null,"10","€0,00","1","5"
448,"camping 80 morgen",null,"10","€0,00","1","13"
449,"camping 81",null,"10","€0,00","1","18"
450,"camping 86",null,"10","€0,00","1","18"
451,"camping 80 mile beach",null,"10","€0,00","43","18"
452,"camping 83",null,"10","€0,00","1","18"
453,"camping 90",null,"10","€0,00","21","25"
454,"camping 94",null,"10","€0,00","1","18"
455,"camping 93",null,"10","€0,00","1","18"
456,"camping 90 mile beach",null,"10","€0,00","1","5"
457,"camping 94 answers",null,"10","€0,00","1","13"
458,"camping 95",null,"10","€0,00","1","18"
459,"camping xabia",null,"10","€0,72","38","30"
460,"camping xeraco",null,"10","€0,00","1","18"
461,"camping xeraco valencia",null,"10","€0,00","2","14"
462,"camping xanten am rhein",null,"10","€0,00","1","5"
463,"camping 67 sopot",null,"10","€0,00","1","13"
464,"camping 206 s",null,"10","€0,34","100","44"
465,"camping 73 winkel",null,"10","€0,00","1","13"
466,"camping 8 personnes",null,"10","€0,00","1","13"
467,"camping 2026 boeken",null,"0","€0,00","1","12"
468,"camping 2026 nederland",null,"0","€0,00","1","12"
469,"camping 2026 italie",null,"0","€0,00","1","12"
470,"camping 206 kooktoestel",null,"0","€0,00","1","12"
471,"camping 3 morgen",null,"0","€0,00","1","12"
472,"camping 681 köln",null,"0","€0,00","1","12"
473,"camping 7huizen aan zee foto's",null,"0","€0,00","1","4"
474,"camping 7 heuvelenweg",null,"0","€0,00","1","12"
475,"camping 8 persoons tent",null,"0","€0,00","1","4"
476,"camping 8 personen italie",null,"0","€0,00","1","4"
477,"camping 80s",null,"0","€0,00","1","17"
478,"camping 91",null,"0","€0,00","1","17"
479,"camping 90 italia",null,"0","€0,00","1","12"
480,"camping 911",null,"0","€0,00","1","17"
481,"camping 8 10 person tent",null,"0","€0,00","1","4"
482,"camping 5 sterren noord italie",null,"0","€0,00","1","4"
